tid,items
1,"Biscuit, Bournvita, Butter, Cornflakes, Tape"
2,"Bournvita, Bread, Butter, Cornflakes"
3,"Butter, Coffee, Chocolate, Eggs, Jam"
4,"Bournvita, Butter, Cornflakes, Bread, Eggs"
5,"Bournvita, Bread, Coffee, Chocolate, Eggs"
6,"Jam, Sugar"
7,"Biscuit, Bournvita, Butter, Cornflakes, Jam"
8,"Curd, Jam, Sugar"
9,"Bournvita, Bread, Butter, Coffee, Cornflakes"
10,"Bournvita, Bread, Coffee, Chocolate, Eggs"
11,"Bournvita, Butter, Eggs"
12,"Bournvita, Butter, Cornflakes, Chocolate, Eggs"
13,"Biscuit, Bournvita, Bread"
14,"Bread, Butter, Coffee, Chocolate, Eggs"
15,"Coffee, Cornflakes"
16,Chocolate
17,"Chocolate, Curd, Eggs"
18,"Biscuit, Bournvita, Butter, Cornflakes"
19,"Bournvita, Bread, Coffee, Chocolate, Eggs"
20,"Butter, Coffee, Chocolate, Eggs"
21,"Jam, Sugar, Tape"
22,"Bournvita, Bread, Butter, Cornflakes"
23,"Coffee, Chocolate, Eggs, Jam, Juice"
24,"Juice, Milk, Rice"
25,"Rice, Soap, Sugar"
